{
  "__type__": "cc.AnimationClip",
  "_name": "level1",
  "_objFlags": 0,
  "_rawFiles": null,
  "_duration": 0.3333333333333333,
  "sample": 60,
  "speed": 1,
  "wrapMode": 1,
  "curveData": {
    "paths": {
      "point": {
        "props": {
          "position": [
            {
              "frame": 0,
              "value": [
                -28,
                546
              ],
              "motionPath": [
                [
                  -46,
                  306,
                  -118,
                  351,
                  17,
                  268
                ],
                [
                  -299,
                  39,
                  -400,
                  80,
                  -256,
                  21
                ],
                [
                  -504,
                  -54,
                  -430,
                  11,
                  -563,
                  -107
                ],
                [
                  -305,
                  -154,
                  -558,
                  -230,
                  -230,
                  -165
                ],
                [
                  -30,
                  -227,
                  -128,
                  -227,
                  92,
                  -227
                ],
                [
                  357,
                  -226,
                  229,
                  -242,
                  465,
                  -213
                ],
                [
                  688,
                  -100,
                  595,
                  -121,
                  884,
                  -57
                ]
              ]
            },
            {
              "frame": 0.3333333333333333,
              "value": [
                999,
                -83
              ],
              "motionPath": []
            }
          ]
        }
      }
    }
  },
  "events": []
}